{
  "id": 0,
  "name": "Generated with Patron Mission Generator",
  "geo_home": [
    -47.93404992974533,
    -22.00158550757937,
    0
  ],
  "bases": [
    {
      "id": 0,
      "name": "base_1",
      "geo_points": [
        [
          -47.93409623533448,
          -22.00151369772984,
          0
        ],
        [
          -47.93413566139656,
          -22.00160805293847,
          0
        ],
        [
          -47.93400762046714,
          -22.001661895237,
          0
        ],
        [
          -47.93396475971718,
          -22.00155639240019,
          0
        ]
      ],
      "center": [
        -47.93404992974533,
        -22.00158550757937,
        0
      ]
    }
  ],
  "roi": [
    {
      "id": 0,
      "name": "region_1",
      "geo_points": [
        [
          -47.93340356486839,
          -22.0017833668202,
          0
        ],
        [
          -47.93346540903826,
          -22.00191113907585,
          0
        ],
        [
          -47.93330428723056,
          -22.00195594149768,
          0
        ],
        [
          -47.93325181586081,
          -22.0018304436669,
          0
        ]
      ],
      "center": [
        -47.93335695055616,
        -22.00187058571376,
        0
      ]
    },
    {
      "id": 1,
      "name": "region_2",
      "geo_points": [
        [
          -47.93368258943067,
          -22.00243117008106,
          0
        ],
        [
          -47.9336135298627,
          -22.00246503277237,
          0
        ],
        [
          -47.93355163079586,
          -22.00239751247195,
          0
        ],
        [
          -47.93365964339082,
          -22.00234697112916,
          0
        ]
      ],
      "center": [
        -47.93362518124529,
        -22.00240751898444,
        0
      ]
    },
    {
      "id": 2,
      "name": "region_3",
      "geo_points": [
        [
          -47.9327450468137,
          -22.00214677818149,
          0
        ],
        [
          -47.93275573001753,
          -22.00230579140963,
          0
        ],
        [
          -47.93261716309901,
          -22.00231131410775,
          0
        ],
        [
          -47.9326100525418,
          -22.00215912435878,
          0
        ]
      ],
      "center": [
        -47.932682530320534,
        -22.00223101895182,
        0
      ]
    },
    {
      "id": 3,
      "name": "region_4",
      "geo_points": [
        [
          -47.93264348955822,
          -22.00167477015403,
          0
        ],
        [
          -47.93267490630527,
          -22.00182864335711,
          0
        ],
        [
          -47.9325857066306,
          -22.00184538380151,
          0
        ],
        [
          -47.93254980881822,
          -22.00169958492636,
          0
        ]
      ],
      "center": [
        -47.93261363554012,
        -22.00176120015902,
        0
      ]
    },
    {
      "id": 4,
      "name": "region_5",
      "geo_points": [
        [
          -47.93217683154332,
          -22.0018876404917,
          0
        ],
        [
          -47.93220601275986,
          -22.00204911705841,
          0
        ],
        [
          -47.93209328576805,
          -22.00208013670527,
          0
        ],
        [
          -47.93205878082853,
          -22.00193065438294,
          0
        ]
      ],
      "center": [
        -47.93213415678337,
        -22.00198587590402,
        0
      ]
    }
  ],
  "nfz": [
    {
      "id": 0,
      "name": "nfz_1",
      "geo_points": [
        [
          -47.93341636268296,
          -22.00155065247293,
          0
        ],
        [
          -47.9331086848357,
          -22.00104100342877,
          0
        ],
        [
          -47.93339917595445,
          -22.00080506862459,
          0
        ],
        [
          -47.93376251325603,
          -22.00059272946037,
          0
        ],
        [
          -47.93412353435444,
          -22.00131618396003,
          0
        ]
      ],
      "center": [
        -47.93361386463356,
        -22.001106097769366,
        0
      ]
    },
    {
      "id": 1,
      "name": "nfz_2",
      "geo_points": [
        [
          -47.93290324508958,
          -22.00255808809431,
          0
        ],
        [
          -47.93299842892949,
          -22.00226416365909,
          0
        ],
        [
          -47.93338249369351,
          -22.00235497886116,
          0
        ],
        [
          -47.93326293966258,
          -22.00265052906765,
          0
        ]
      ],
      "center": [
        -47.9331380380316,
        -22.002455680210932,
        0
      ]
    }
  ]
}