{
    "id": 0,
    "name": "Generated with Patron Mission Generator",
    "geo_home": [
        -47.93418824896816,
        -22.00135868000145,
        0
    ],
    "bases": [
        {
            "id": 0,
            "name": "base_1",
            "geo_points": [
                [
                    -47.93422247171758,
                    -22.00128540681794,
                    0
                ],
                [
                    -47.93426777402038,
                    -22.001382405605,
                    0
                ],
                [
                    -47.9341570262587,
                    -22.00143307516958,
                    0
                ],
                [
                    -47.93410735216754,
                    -22.00133410397906,
                    0
                ]
            ],
            "center": [
                -47.93418824896816,
                -22.00135868000145,
                0
            ]
        }
    ],
    "roi": [
        {
            "id": 0,
            "name": "region_1",
            "geo_points": [
                [
                    -47.93328107067534,
                    -22.00165375253994,
                    0
                ],
                [
                    -47.93273437184262,
                    -22.00147466856652,
                    0
                ],
                [
                    -47.93257325926081,
                    -22.00112623161433,
                    0
                ],
                [
                    -47.93298201758327,
                    -22.00095365380633,
                    0
                ],
                [
                    -47.93338587701856,
                    -22.0015971385999,
                    0
                ]
            ],
            "center": [
                -47.93296430258944,
                -22.00131618454002,
                0
            ]
        },
        {
            "id": 1,
            "name": "region_2",
            "geo_points": [
                [
                    -47.93443504884399,
                    -22.00243835217867,
                    0
                ],
                [
                    -47.93350120383472,
                    -22.00267424290695,
                    0
                ],
                [
                    -47.93328493421343,
                    -22.00186922263885,
                    0
                ],
                [
                    -47.93413252822349,
                    -22.00157810193262,
                    0
                ]
            ],
            "center": [
                -47.933846553792854,
                -22.002142954792465,
                0
            ]
        }
    ],
    "nfz": [
        {
            "id": 0,
            "name": "nfz_1",
            "geo_points": [
                [
                    -47.93405452039546,
                    -22.00123759021665,
                    0
                ],
                [
                    -47.9334232094818,
                    -22.00154391369362,
                    0
                ],
                [
                    -47.93308974270798,
                    -22.00097174096524,
                    0
                ],
                [
                    -47.93378102603619,
                    -22.00070019533909,
                    0
                ]
            ],
            "center": [
                -47.93358097183557,
                -22.00111318562681,
                0
            ]
        },
        {
            "id": 1,
            "name": "nfz_2",
            "geo_points": [
                [
                    -47.93230886961323,
                    -22.00153945541728,
                    0
                ],
                [
                    -47.93216041620536,
                    -22.00132528982618,
                    0
                ],
                [
                    -47.93254944611974,
                    -22.00115643655078,
                    0
                ],
                [
                    -47.93268794568968,
                    -22.00146153941283,
                    0
                ]
            ],
            "center": [
                -47.93243426240959,
                -22.00136484906745,
                0
            ]
        },
        {
            "id": 2,
            "name": "nfz_3",
            "geo_points": [
                [
                    -47.93330748803447,
                    -22.0026975933417,
                    0
                ],
                [
                    -47.93287071370074,
                    -22.00254669762108,
                    0
                ],
                [
                    -47.9329741018997,
                    -22.00225563846456,
                    0
                ],
                [
                    -47.93339361763476,
                    -22.00235925277171,
                    0
                ]
            ],
            "center": [
                -47.93314033348653,
                -22.00246786998194,
                0
            ]
        }
    ]
}